STEP,STEPNAME,X,Y,Z,RADIUS,ANGLE
0,start,-262.3816528,173.6539459,-262.5722351,15,-1
1,*,-93.67771912,173.4859467,-260.4577942,15,-1
2,*,-189.9053497,173.3014069,-373.8453369,15,-1
3,*,-75.11366272,173.0947418,-428.5914307,15,-1
4,*,51.74069977,172.9444275,-49.47192383,15,-1
5,*,48.90536499,172.8128662,-213.7589264,15,-1
6,*,-33.72148514,172.7376556,-461.3365784,15,-1
7,end,-322.8121643,173.6915436,-328.5821533,15,-1
-1,reset,-293.9475098,172.1061249,-319.673584,4,-1
