STEP,STEPNAME,X,Y,Z
0,start,-40.334346771240234,230.3656005859375,269.2358703613281
1,*,242.92242431640625,204.6726837158203,206.96292114257812
2,*,170.99066162109375,182.84429931640625,313.2572326660156
3,*,58.18265151977539,133.4119415283203,-180.8053741455078
4,*,-301.2687072753906,170.72634887695312,165.0334014892578
5,*,-115.8062744140625,192.99557495117188,3.161367416381836
6,end,62.63780975341797,231.10321044921875,269.93377685546875
-1,reset,35.67767333984375,111.35904693603516,-7.0208282470703125