STEP,STEPNAME,X,Y,Z,RADIUS,ANGLE
0,start,167.2759552001953,389.8399353027344,160.9993133544922,25,-1
1,*,-3.382927417755127,344.3298034667969,-134.03309631347656,15,-1
2,*,-98.20532989501953,293.359619140625,32.04505157470703,15,-1
3,*,260.5745849609375,170.17127990722656,299.88372802734375,15,-1
4,*,219.27784729003906,192.35594177246094,226.5033416748047,15,-1
5,*,-45.52873229980469,218.48861694335938,328.6903076171875,15,-1
6,end,116.61210632324219,389.87744140625,213.4456329345703,25,-1
-1,reset,35.344905853271484,111.35904693603516,-4.086608409881592,5,-1