STEP,STEPNAME,X,Y,Z,RADIUS
0,start,147.03826904296875,28.712770462036133,14.439234733581543,5
1,end,154.37220764160156,128.98733520507812,-13.871034622192383,5
-1,reset,-178.93353271484375,7.608834743499756,65.54241180419922,5
-1,reset,137.93759155273438,25.81385612487793,10.798138618469238,5