STEP,STEPNAME,X,Y,Z
0,start,-158.1619110107422,28.030956268310547,724.9016723632812
1,*,-61.81842803955078,10.977461814880371,939.747314453125
2,*,183.70884704589844,11.293512344360352,1079.24169921875
3,*,248.54811096191406,9.358901977539062,941.6489868164062
4,*,18.913454055786133,1.8325788974761963,993.8555908203125
5,*,-80.55955505371094,3.1585092544555664,1055.0838623046875
6,*,-243.66128540039062,1.2709424495697021,1019.9541625976562
7,end,-187.4603271484375,19.422760009765625,668.4896850585938
-1,reset,-213.1799774169922,55.91027069091797,446.1829528808594
