STEP,STEPNAME,X,Y,Z
0,start,678.0431518554688,51.12827682495117,-553.8036499023438
1,*,870.9617309570312,28.136838912963867,-394.934326171875
2,*,762.9915161132812,28.60567855834961,-401.00079345703125
3,*,322.7422180175781,33.50680923461914,-408.2164611816406
4,*,-135.2315673828125,1.119834303855896,-312.72442626953125
5,*,-351.4903564453125,43.48114776611328,-91.70638275146484
6,*,275.26617431640625,28.402389526367188,-423.0520935058594
7,end,657.280029296875,50.95335006713867,-581.0737915039062
-1,reset,706.5450439453125,45.9715461730957,-566.9035034179688