STEP,STEPNAME,X,Y,Z,RADIUS
0,start,455.85260009765625,0.2925488352775574,-676.3992309570312,5
1,*,464.88201904296875,20.061351776123047,-683.9271850585938,5
2,*,468.1523742675781,23.43194580078125,-723.0291748046875,5
3,*,467.4400634765625,42.27374267578125,-715.7177734375,5
4,*,446.4181213378906,46.79170227050781,-675.5435180664062,5
5,end,442.24371337890625,44.920806884765625,-627.57958984375,5
-1,reset,440.0296936035156,12.333070755004883,-646.3490600585938,5