STEP,STEPNAME,X,Y,Z
-1,reset,240.4, 2.7, -549.4
0,start, 172.968, 5.71193, -548.169
1,*, -46.6852, 62.7075, -106.757
2,*, -425.45, 52.2022, -118.072
3,*, -69.0608, 43.4203, -192.177
4,end, 166.077, 1.25356, -488.581