STEP,STEPNAME,X,Y,Z
0,start,-77.15221405029297,2.23431658744812,-1019.9838256835938
1,*,101.35590362548828,7.339758396148682,-1080.101318359375
2,*,282.3252258300781,5.095705986022949,-1023.9260864257812
3,*,188.30189514160156,0.4303003251552582,-808.58740234375
4,*,38.39978790283203,18.88983154296875,-668.1705322265625
5,*,-39.359962463378906,9.778656005859375,-722.13916015625
6,end,-68.65498352050781,-0.2025335431098938,-932.6437377929688
-1,reset,-173.44895935058594,4.851062774658203,-1010.41650390625
