STEP,STEPNAME,X,Y,Z
0,start,803.3325805664062,136.01504516601562,153.9782257080078
1,*,994.793212890625,58.54420852661133,-29.675212860107422
2,*,726.4783325195312,98.12777709960938,-75.74417114257812
3,*,702.5076904296875,106.40855407714844,-20.23108673095703
4,*,914.1011962890625,86.15933227539062,0.9789632558822632
5,*,817.55029296875,113.25086975097656,232.247802734375
6,*,726.7265014648438,128.68972778320312,251.99386596679688
7,end,724.0528564453125,137.1461639404297,214.591064453125
-1,reset,1127.3040771484375,47.6551399230957,-118.5078125
