STEP,STEPNAME,X,Y,Z
0,start,702.6351928710938,60.39939498901367,372.7860107421875
1,*,840.886474609375,41.5600700378418,200.27175903320312
2,*,769.0579223632812,54.74429702758789,51.941104888916016
3,*,444.1422119140625,32.01011276245117,109.65090942382812
4,*,131.88671875,50.89085006713867,50.434326171875
5,*,217.90818786621094,74.62855529785156,226.0938720703125
6,end,575.1735229492188,58.270286560058594,365.3240661621094
-1,reset,650.6351928710938,61.81232833862305,520.927001953125
