STEP,STEPNAME,X,Y,Z
0,start,-184.38546752929688,64.9686508178711,-627.9636840820312
1,*,-364.6119079589844,82.46500396728516,-591.880126953125
2,*,-337.85821533203125,39.892425537109375,-701.2764892578125
3,*,-180.5691375732422,63.36720657348633,-721.6331176757812
4,*,-7.6090593338012695,56.80658721923828,-794.8373413085938
5,*,167.4985809326172,50.757049560546875,-545.6727294921875
6,*,138.0374755859375,70.06675720214844,-493.1942443847656
7,end,-46.31200408935547,60.5682258605957,-566.6380615234375
-1,reset,9.354050636291504,65.31747436523438,-751.1548461914062
