STEP,STEPNAME,X,Y,Z,RADIUS,ANGLE
0,start,-1272.081665,438.1294556,398.9880981,15,355.46186
1,*,-1301.597778,489.6809387,266.701416,15,353.3232097
2,*,-1183.168213,456.5099182,31.38763237,15,30.58272582
3,*,-1062.727173,349.4920959,-147.8681946,15,26.322738
4,*,-989.03125,330.0857239,-338.7749023,15,14.7521971
5,*,-887.5494385,123.9724274,-369.9442444,15,91.43233708
6,end,-692.6524658,151.946167,-357.7014771,15,"15,82.67229053905393"
-1,reset,-1263.154175,567.5340576,476.0820313,5,-1