STEP,STEPNAME,X,Y,Z,RADIUS
0,start,-93.32379150390625,134.97592163085938,-240.41952514648438,20
1,end,54.98080062866211,128.03184509277344,362.60821533203125,20