STEP,STEPNAME,X,Y,Z,RADIUS,ANGLE
0,start,227.6095428,14.8889246,-149.0290527,15,-1
1,*,118.2610779,17.21812439,280.8916626,15,-1
2,*,64.17253113,-0.108714901,-234.9541779,15,-1
3,*,-20.43535614,7.577312469,59.670681,25,-1
4,*,-248.9086304,-0.639933169,-195.8123779,15,-1
5,*,-169.7133636,52.09222412,-209.468399,15,-1
6,end,119.1264801,14.96535206,-121.4030304,15,-1
-1,reset,35.67767334,111.3590469,-7.020828247,5,-1
